srna_name;target_ltag;target_name;intLenMax15_intarna_rank
ArcZ;STM1682;tpx;9223372036854775807
ArcZ;STM2970;sdaC;9223372036854775807
ArcZ;STM3216;-;9223372036854775807
ArcZ;b1892;flhD;251
ArcZ;b2741;rpoS;9223372036854775807
ArcZ;b3546;eptB;9223372036854775807
ChiX;STM0687;ybfM/chiP;17
ChiX;STM1313;celB;9
ChiX;b0619;dpiB/citA;11
ChiX;b0681;chiP;13
ChiX;b1737;chbC;1
CyaR;STM0833;ompX;9223372036854775807
CyaR;b0723;sdhA;9223372036854775807
CyaR;b0814;ompX;229
CyaR;b1740;nadE;108
CyaR;b1824;yobF;9223372036854775807
CyaR;b2416;ptsI;9223372036854775807
CyaR;b2666;yqaE;9223372036854775807
CyaR;b2687;luxS;137
DsrA;b1237;hns;8
DsrA;b2741;rpoS;9223372036854775807
DsrA;b3251;mreB;9223372036854775807
FnrS;b0723;sdhA;9223372036854775807
FnrS;b0755;gpmA;9223372036854775807
FnrS;b0887;cydD;9223372036854775807
FnrS;b1107;nagZ;9223372036854775807
FnrS;b1479;maeA;9223372036854775807
FnrS;b1531;marA;9223372036854775807
FnrS;b1656;sodB;9223372036854775807
FnrS;b1841;yobA;9223372036854775807
FnrS;b2153;folE;9223372036854775807
FnrS;b2303;folX;9223372036854775807
FnrS;b2531;iscR;267
FnrS;b3829;metE;9223372036854775807
FnrS;b3908;sodA;9223372036854775807
GcvB;STM0002;thrA;9223372036854775807
GcvB;STM0245;metQ;231
GcvB;STM0399;brnQ;9223372036854775807
GcvB;STM0602;ybdH;27
GcvB;STM0665;gltI;1
GcvB;STM0959;lrp;278
GcvB;STM1299;gdhA;9223372036854775807
GcvB;STM1452;tppB;9223372036854775807
GcvB;STM1746;oppA;9223372036854775807
GcvB;STM2355;argT;9223372036854775807
GcvB;STM2526;ndk;9223372036854775807
GcvB;STM3062;serA;9223372036854775807
GcvB;STM3064;iciA;9223372036854775807
GcvB;STM3225;ygjU/sstT;9223372036854775807
GcvB;STM3564;livK;9223372036854775807
GcvB;STM3567;livJ;9223372036854775807
GcvB;STM3630;dppA;9223372036854775807
GcvB;STM3903;ilvE;9223372036854775807
GcvB;STM3909;ilvC;10
GcvB;STM3930;yifK;9223372036854775807
GcvB;STM4351;-;9223372036854775807
GcvB;STM4398;cycA;18
GcvB;b1040;csgD;9223372036854775807
GcvB;b1130;phoP;9223372036854775807
GcvB;b3089;sstT;64
GcvB;b4208;cycA;16
MicA;STM4231;lamB;9223372036854775807
MicA;b0411;tsx;9223372036854775807
MicA;b0814;ompX;9223372036854775807
MicA;b0957;ompA;9223372036854775807
MicA;b1130;phoP;44
MicC;STM1572;ompD;9223372036854775807
MicC;b2215;ompC;16
MicF;STM0366;yahO;9223372036854775807
MicF;STM0959;lrp;9223372036854775807
MicF;STM1328;lpxR;9223372036854775807
MicF;b0241;phoE;3
MicF;b0889;lrp;9223372036854775807
MicF;b0929;ompF;9223372036854775807
MicF;b3912;cpxR;9223372036854775807
OxyS;b1892;flhD;9223372036854775807
OxyS;b2731;fhlA;9223372036854775807
RprA;b1040;csgD;1
RprA;b1341;ydaM;9223372036854775807
RprA;b2741;rpoS;9223372036854775807
RybB;STM0413;tsx;9223372036854775807
RybB;STM0687;ybfM/chiP;9223372036854775807
RybB;STM0999;ompF;96
RybB;STM1070;ompA;209
RybB;STM1473;ompN;9223372036854775807
RybB;STM1530;-;9223372036854775807
RybB;STM1572;ompD;104
RybB;STM1732;ompW;9223372036854775807
RybB;STM1995;ompS;9223372036854775807
RybB;STM2267;ompC;82
RybB;STM2391;fadL;179
RybB;b0081;mraZ;9223372036854775807
RybB;b0721;sdhC;9223372036854775807
RybB;b0805;fiu;9223372036854775807
RybB;b1256;ompW;9223372036854775807
RybB;b2215;ompC;116
RybB;b2594;rluD;9223372036854775807
RyhB;b0118;acnB;9223372036854775807
RyhB;b0156;erpA;9223372036854775807
RyhB;b0288;ykgJ;9223372036854775807
RyhB;b0592;fepB;9223372036854775807
RyhB;b0683;fur;9223372036854775807
RyhB;b0721;sdhC;150
RyhB;b0723;sdhA;9223372036854775807
RyhB;b0894;dmsA;9223372036854775807
RyhB;b1107;nagZ;9223372036854775807
RyhB;b1200;dhaK;9223372036854775807
RyhB;b1452;yncE;9223372036854775807
RyhB;b1531;marA;9223372036854775807
RyhB;b1588;ynfF;9223372036854775807
RyhB;b1612;fumA;9223372036854775807
RyhB;b1656;sodB;9223372036854775807
RyhB;b1778;msrB;130
RyhB;b1981;shiA;61
RyhB;b2069;yegD;9223372036854775807
RyhB;b2155;cirA;9223372036854775807
RyhB;b2206;napA;10
RyhB;b2530;iscS;37
RyhB;b3365;nirB;9223372036854775807
RyhB;b3607;cysE;38
RyhB;b3942;katG;9223372036854775807
RyhB;b4070;nrfA;82
RyhB;b4122;fumB;9223372036854775807
SgrS;STM2945;sopD;9223372036854775807
SgrS;STM3962;yigL;9223372036854775807
SgrS;b1101;ptsG;24
SgrS;b1817;manX;9223372036854775807
SgrS;b2416;ptsI;9223372036854775807
Spot42;STM2190;mglB;9223372036854775807
Spot42;b0039;caiA;9223372036854775807
Spot42;b0720;gltA;111
Spot42;b0721;sdhC;193
Spot42;b0728;sucC;9223372036854775807
Spot42;b0757;galK;9223372036854775807
Spot42;b1136;icd;9223372036854775807
Spot42;b1302;puuE;9223372036854775807
Spot42;b1398;paaK;12
Spot42;b1761;gdhA;9223372036854775807
Spot42;b1901;araF;9223372036854775807
Spot42;b2221;atoD;9223372036854775807
Spot42;b2702;srlA;9223372036854775807
Spot42;b2715;ascF;338
Spot42;b2801;fucP;41
Spot42;b2802;fucI;9223372036854775807
Spot42;b3224;nanT;1
Spot42;b3566;xylF;9223372036854775807
Spot42;b3927;glpF;76
Spot42;b3962;sthA;9223372036854775807
Spot42;b4311;nanC;9223372036854775807
